id,first_name,last_name,email,gender,ip_address
1,Kenneth,Clark,kclark0@usnews.com,Male,186.218.145.62
2,Maria,Diaz,mdiaz1@thetimes.co.uk,Female,198.213.107.107
3,Emily,Chapman,echapman2@ucla.edu,Female,80.94.249.144
4,Brian,Berry,bberry3@drupal.org,Male,122.45.107.129
5,Kathryn,Mills,kmills4@sciencedaily.com,Female,150.66.232.216
6,Christina,Thomas,cthomas5@issuu.com,Female,204.78.230.191
7,Nicole,Crawford,ncrawford6@msu.edu,Female,241.120.231.238
8,Patrick,Lynch,plynch7@cargocollective.com,Male,241.110.83.99
9,Joan,Garrett,jgarrett8@icq.com,Female,133.198.37.172
10,Keith,Ray,kray9@google.com.br,Male,71.160.56.7
11,Brian,Wheeler,bwheelera@themeforest.net,Male,4.31.144.184
12,Susan,Simmons,ssimmonsb@4shared.com,Female,81.177.202.177
13,Amy,Henderson,ahendersonc@about.com,Female,244.43.66.207
14,Donald,Franklin,dfranklind@zimbio.com,Male,171.253.223.227
15,Roger,Peterson,rpetersone@miibeian.gov.cn,Male,124.124.17.17
16,Ruth,Andrews,randrewsf@yandex.ru,Female,8.183.164.20
17,Rachel,Diaz,rdiazg@mozilla.org,Female,36.11.137.140
18,Kathleen,Elliott,kelliotth@nih.gov,Female,119.76.189.47
19,Kathy,Rose,krosei@newsvine.com,Female,236.172.195.225
20,Adam,Medina,amedinaj@symantec.com,Male,132.106.105.226
21,Howard,Ford,hfordk@ihg.com,Male,61.6.156.72
22,Frank,Burton,fburtonl@constantcontact.com,Male,80.84.112.186
23,Ernest,Gibson,egibsonm@topsy.com,Male,34.252.55.160
24,Shawn,Fisher,sfishern@ning.com,Male,68.67.106.235
25,Bonnie,Gibson,bgibsono@pinterest.com,Female,75.111.191.253
26,Dennis,White,dwhitep@psu.edu,Male,159.28.59.200
27,Louis,Spencer,lspencerq@skype.com,Male,238.135.33.118
28,Debra,Cunningham,dcunninghamr@booking.com,Female,145.171.2.11
29,Dorothy,Ford,dfords@people.com.cn,Female,181.171.6.22
30,Ruby,Harvey,rharveyt@army.mil,Female,79.204.231.172
31,Antonio,Bowman,abowmanu@google.fr,Male,187.154.204.160
32,Jeffrey,Owens,jowensv@ask.com,Male,108.191.71.43
33,Ashley,Peters,apetersw@canalblog.com,Female,1.12.65.152
34,Helen,Robinson,hrobinsonx@qq.com,Female,232.41.182.2
35,Alice,Tucker,atuckery@salon.com,Female,21.175.98.122
36,Catherine,Sanchez,csanchezz@samsung.com,Female,69.200.34.93
37,Jessica,Mendoza,jmendoza10@topsy.com,Female,82.195.69.14
38,Todd,Rogers,trogers11@wp.com,Male,34.137.120.90
39,Mary,Elliott,melliott12@cmu.edu,Female,171.254.52.136
40,Todd,Nguyen,tnguyen13@cpanel.net,Male,194.134.35.201
41,Earl,Mcdonald,emcdonald14@usgs.gov,Male,180.170.173.21
42,Katherine,Rodriguez,krodriguez15@themeforest.net,Female,134.161.209.176
43,Emily,Turner,eturner16@utexas.edu,Female,143.129.236.205
44,Eugene,Meyer,emeyer17@mayoclinic.com,Male,171.119.32.155
45,Harry,Roberts,hroberts18@squarespace.com,Male,98.77.139.91
46,Diana,Burns,dburns19@yellowbook.com,Female,57.200.93.55
47,Julie,Day,jday1a@gnu.org,Female,19.211.18.117
48,Christopher,George,cgeorge1b@vkontakte.ru,Male,134.123.50.100
49,Donna,Williamson,dwilliamson1c@smh.com.au,Female,236.106.23.65
50,Alan,Dunn,adunn1d@bluehost.com,Male,15.14.73.117
51,Joyce,Thompson,jthompson1e@mit.edu,Female,91.222.77.155
52,Martin,Brown,mbrown1f@twitter.com,Male,173.112.1.75
53,Doris,Palmer,dpalmer1g@google.co.uk,Female,34.75.38.228
54,Rose,Richards,rrichards1h@oaic.gov.au,Female,128.74.134.36
55,Carl,Adams,cadams1i@census.gov,Male,105.22.92.165
56,Jessica,Parker,jparker1j@macromedia.com,Female,143.227.60.233
57,Theresa,Dean,tdean1k@smugmug.com,Female,82.128.76.104
58,Nancy,Matthews,nmatthews1l@cam.ac.uk,Female,84.41.114.233
59,Teresa,Phillips,tphillips1m@oracle.com,Female,193.130.174.54
60,Kathy,Rogers,krogers1n@istockphoto.com,Female,94.138.165.106
61,Willie,Mitchell,wmitchell1o@over-blog.com,Male,206.96.177.157
62,Benjamin,Fields,bfields1p@issuu.com,Male,167.130.139.15
63,Lori,Hunter,lhunter1q@google.com.hk,Female,255.89.187.249
64,Jeremy,Hicks,jhicks1r@ucla.edu,Male,119.63.52.240
65,Denise,Welch,dwelch1s@nature.com,Female,32.95.52.250
66,Robert,Morris,rmorris1t@examiner.com,Male,144.63.128.114
67,Dorothy,Rose,drose1u@youtu.be,Female,214.126.82.151
68,Annie,Perry,aperry1v@dailymotion.com,Female,78.21.222.2
69,Carolyn,Campbell,ccampbell1w@miibeian.gov.cn,Female,167.173.4.209
70,Patrick,Henry,phenry1x@ft.com,Male,145.231.233.245
71,Victor,Williamson,vwilliamson1y@marriott.com,Male,222.168.58.74
72,Steve,Stephens,sstephens1z@tamu.edu,Male,106.55.8.70
73,Roy,Hanson,rhanson20@dmoz.org,Male,177.112.65.39
74,Jane,Ortiz,jortiz21@sakura.ne.jp,Female,246.61.45.76
75,Aaron,Porter,aporter22@washington.edu,Male,200.152.103.252
76,Linda,Sanders,lsanders23@craigslist.org,Female,246.169.72.20
77,Anthony,Griffin,agriffin24@hostgator.com,Male,193.217.135.186
78,Harry,Young,hyoung25@state.gov,Male,65.171.246.161
79,Sara,Gutierrez,sgutierrez26@biblegateway.com,Female,157.35.227.185
80,Rose,Bishop,rbishop27@seesaa.net,Female,60.11.209.167
81,William,Hernandez,whernandez28@dailymotion.com,Male,233.159.90.110
82,Nicole,Hicks,nhicks29@dedecms.com,Female,198.124.20.64
83,Michelle,Ramos,mramos2a@fc2.com,Female,81.225.153.151
84,Ernest,Price,eprice2b@altervista.org,Male,39.5.25.32
85,Catherine,Larson,clarson2c@wikimedia.org,Female,86.237.97.34
86,Melissa,Bowman,mbowman2d@weather.com,Female,53.56.96.27
87,Elizabeth,Banks,ebanks2e@smh.com.au,Female,62.133.75.3
88,Gerald,Stanley,gstanley2f@msu.edu,Male,184.212.98.12
89,Raymond,Baker,rbaker2g@cisco.com,Male,63.21.159.4
90,Justin,Mills,jmills2h@blog.com,Male,79.245.22.201
91,Jonathan,Simpson,jsimpson2i@huffingtonpost.com,Male,131.225.209.151
92,Jimmy,Rogers,jrogers2j@psu.edu,Male,60.185.179.103
93,Frank,Richardson,frichardson2k@sciencedirect.com,Male,2.46.60.126
94,Melissa,Crawford,mcrawford2l@engadget.com,Female,110.213.70.178
95,Timothy,Ryan,tryan2m@woothemes.com,Male,105.230.200.70
96,Margaret,Lopez,mlopez2n@infoseek.co.jp,Female,31.171.93.25
97,Eric,Rogers,erogers2o@hao123.com,Male,129.188.137.238
98,Carl,Burton,cburton2p@weibo.com,Male,39.90.103.36
99,Kenneth,Carr,kcarr2q@instagram.com,Male,164.226.48.98
100,Linda,Allen,lallen2r@photobucket.com,Female,116.208.176.40
101,Doris,Larson,dlarson2s@cocolog-nifty.com,Female,251.249.196.72
102,Ashley,Burton,aburton2t@businessinsider.com,Female,39.125.252.32
103,Ruth,Kennedy,rkennedy2u@spotify.com,Female,30.37.104.90
104,Kathryn,Welch,kwelch2v@prlog.org,Female,90.160.17.35
105,Edward,Oliver,eoliver2w@epa.gov,Male,58.136.77.70
106,Rose,Richardson,rrichardson2x@webnode.com,Female,68.198.228.164
107,Willie,Sanchez,wsanchez2y@psu.edu,Male,106.244.75.81
108,Catherine,Brown,cbrown2z@cornell.edu,Female,69.245.230.223
109,Larry,Wright,lwright30@imgur.com,Male,29.240.255.245
110,Kathy,Clark,kclark31@xing.com,Female,57.233.209.46
111,Aaron,Burton,aburton32@123-reg.co.uk,Male,189.122.205.144
112,Michelle,Rogers,mrogers33@hao123.com,Female,55.69.28.4
113,Dennis,Williamson,dwilliamson34@smh.com.au,Male,96.186.117.73
114,Beverly,George,bgeorge35@cornell.edu,Female,55.253.255.169
115,Arthur,Fox,afox36@clickbank.net,Male,165.0.80.78
116,Ruby,Garcia,rgarcia37@redcross.org,Female,59.227.151.85
117,Nicole,Austin,naustin38@msu.edu,Female,250.251.25.25
118,Michelle,Harvey,mharvey39@dot.gov,Female,123.94.201.119
119,Billy,Washington,bwashington3a@mozilla.com,Male,46.124.93.243
120,Sean,Clark,sclark3b@shinystat.com,Male,96.233.140.210
121,Marilyn,Olson,molson3c@surveymonkey.com,Female,205.192.212.30
122,Kevin,Hall,khall3d@discovery.com,Male,213.180.154.247
123,William,Bailey,wbailey3e@examiner.com,Male,245.49.77.142
124,Earl,Reed,ereed3f@taobao.com,Male,251.14.157.33
125,Theresa,Lewis,tlewis3g@pen.io,Female,195.196.94.129
126,Fred,Hawkins,fhawkins3h@scientificamerican.com,Male,248.245.198.206
127,Jonathan,Marshall,jmarshall3i@feedburner.com,Male,182.7.15.179
128,Carlos,Dunn,cdunn3j@ning.com,Male,214.230.92.162
129,Louise,Boyd,lboyd3k@si.edu,Female,129.62.5.107
130,Gregory,Daniels,gdaniels3l@zimbio.com,Male,158.214.248.91
131,Louis,Robertson,lrobertson3m@shutterfly.com,Male,107.153.6.43
132,Laura,Stephens,lstephens3n@themeforest.net,Female,241.124.34.80
133,Rachel,Ferguson,rferguson3o@blinklist.com,Female,172.237.189.82
134,Raymond,Perkins,rperkins3p@amazon.co.jp,Male,255.41.23.59
135,Linda,Kelly,lkelly3q@hubpages.com,Female,219.11.197.238
136,Christine,Bryant,cbryant3r@is.gd,Female,46.182.7.228
137,Alice,Gray,agray3s@com.com,Female,20.177.16.97
138,Gary,Perez,gperez3t@gravatar.com,Male,175.122.197.218
139,Wanda,Jenkins,wjenkins3u@ycombinator.com,Female,214.138.51.139
140,Michael,Carpenter,mcarpenter3v@fastcompany.com,Male,192.40.14.236
141,Fred,White,fwhite3w@xinhuanet.com,Male,120.123.57.172
142,Diana,Sullivan,dsullivan3x@dell.com,Female,223.227.123.68
143,Edward,Young,eyoung3y@wunderground.com,Male,182.219.1.241
144,Ashley,Hicks,ahicks3z@storify.com,Female,174.198.135.156
145,Dorothy,Patterson,dpatterson40@histats.com,Female,71.76.19.170
146,Michelle,Miller,mmiller41@weebly.com,Female,198.253.33.250
147,Eric,Campbell,ecampbell42@hostgator.com,Male,188.58.46.146
148,Earl,Ramos,eramos43@mozilla.com,Male,162.17.110.213
149,Judy,Ray,jray44@discuz.net,Female,78.189.39.118
150,Randy,Evans,revans45@parallels.com,Male,14.163.147.223
151,Bruce,Ford,bford46@ox.ac.uk,Male,98.73.153.170
152,Angela,Austin,aaustin47@wunderground.com,Female,238.145.36.197
153,Charles,Ferguson,cferguson48@soundcloud.com,Male,63.41.88.21
154,Shirley,Harris,sharris49@cbslocal.com,Female,72.50.76.134
155,James,Thomas,jthomas4a@bloomberg.com,Male,111.44.221.92
156,Susan,Mcdonald,smcdonald4b@miibeian.gov.cn,Female,192.91.243.140
157,Gerald,Freeman,gfreeman4c@sourceforge.net,Male,77.27.158.243
158,Jeffrey,Morrison,jmorrison4d@japanpost.jp,Male,213.112.76.79
159,Henry,Reyes,hreyes4e@instagram.com,Male,15.237.90.148
160,Eric,Lawrence,elawrence4f@miitbeian.gov.cn,Male,24.187.67.248
161,Donna,Day,dday4g@behance.net,Female,242.46.127.136
162,Helen,Little,hlittle4h@tuttocitta.it,Female,247.74.210.90
163,Carlos,Mitchell,cmitchell4i@columbia.edu,Male,208.4.248.11
164,Debra,Nguyen,dnguyen4j@gov.uk,Female,188.155.217.146
165,Carlos,Kim,ckim4k@bbb.org,Male,70.242.78.209
166,Barbara,Mason,bmason4l@taobao.com,Female,124.117.72.171
167,Anthony,Hunt,ahunt4m@answers.com,Male,251.111.87.202
168,Lori,Miller,lmiller4n@paypal.com,Female,225.68.3.111
169,Mary,Tucker,mtucker4o@wikispaces.com,Female,255.1.172.40
170,Debra,Fowler,dfowler4p@shareasale.com,Female,40.101.156.156
171,Richard,Howard,rhoward4q@ustream.tv,Male,243.140.228.254
172,Kathryn,Burke,kburke4r@tamu.edu,Female,12.202.21.169
173,Brian,Mendoza,bmendoza4s@army.mil,Male,145.32.108.183
174,Adam,Perez,aperez4t@histats.com,Male,56.213.1.73
175,Russell,Cole,rcole4u@vinaora.com,Male,29.178.235.61
176,Betty,Gonzalez,bgonzalez4v@npr.org,Female,142.175.187.86
177,Ruby,Moreno,rmoreno4w@mac.com,Female,186.98.210.137
178,Clarence,Bishop,cbishop4x@microsoft.com,Male,215.102.98.32
179,Jose,James,jjames4y@ucsd.edu,Male,158.94.221.73
180,Richard,Fuller,rfuller4z@hibu.com,Male,221.93.217.249
181,Russell,Phillips,rphillips50@ucsd.edu,Male,176.51.70.220
182,Janet,Diaz,jdiaz51@flickr.com,Female,22.210.68.224
183,Victor,Peters,vpeters52@prlog.org,Male,209.140.235.179
184,Ashley,Holmes,aholmes53@w3.org,Female,116.62.196.217
185,John,Hayes,jhayes54@blog.com,Male,84.215.231.182
186,Willie,Russell,wrussell55@skype.com,Male,236.88.211.253
187,Victor,Robertson,vrobertson56@google.es,Male,61.107.40.73
188,Juan,Wilson,jwilson57@ifeng.com,Male,10.237.203.218
189,Ryan,Alvarez,ralvarez58@oaic.gov.au,Male,229.80.74.73
190,Harold,Carroll,hcarroll59@google.fr,Male,90.236.121.114
191,Larry,Stanley,lstanley5a@mediafire.com,Male,19.132.0.87
192,Dennis,Parker,dparker5b@ted.com,Male,99.45.169.130
193,Heather,Flores,hflores5c@washington.edu,Female,6.150.220.92
194,Catherine,Berry,cberry5d@w3.org,Female,208.236.25.228
195,Lori,Wilson,lwilson5e@dagondesign.com,Female,93.141.33.28
196,Brandon,King,bking5f@marriott.com,Male,73.16.188.122
197,Carlos,Lawson,clawson5g@hibu.com,Male,143.185.201.30
198,Chris,Ruiz,cruiz5h@networksolutions.com,Male,67.188.225.249
199,Steve,Nguyen,snguyen5i@amazonaws.com,Male,11.89.150.39
200,Alan,Mason,amason5j@shareasale.com,Male,111.67.101.65
201,Carolyn,Adams,cadams5k@youtu.be,Female,126.118.53.5
202,Teresa,White,twhite5l@comsenz.com,Female,56.16.208.22
203,Clarence,Hawkins,chawkins5m@uol.com.br,Male,162.168.23.220
204,Alice,Fox,afox5n@amazon.co.uk,Female,150.253.227.166
205,Anthony,Bailey,abailey5o@pcworld.com,Male,186.202.97.226
206,Virginia,Day,vday5p@mediafire.com,Female,75.251.179.139
207,Angela,Perez,aperez5q@artisteer.com,Female,133.152.208.55
208,Patricia,Allen,pallen5r@tuttocitta.it,Female,198.24.234.140
209,Douglas,Hart,dhart5s@paginegialle.it,Male,128.11.19.124
210,Lois,Gutierrez,lgutierrez5t@mozilla.com,Female,187.26.174.45
211,Melissa,Howell,mhowell5u@fema.gov,Female,202.250.19.138
212,Annie,Hernandez,ahernandez5v@cnbc.com,Female,7.212.255.28
213,Raymond,Peters,rpeters5w@rediff.com,Male,65.53.24.133
214,Jesse,Carpenter,jcarpenter5x@yellowbook.com,Male,47.80.83.93
215,Victor,Montgomery,vmontgomery5y@phoca.cz,Male,194.20.180.84
216,Joshua,Howell,jhowell5z@hhs.gov,Male,219.161.176.191
217,Pamela,Hughes,phughes60@people.com.cn,Female,138.90.202.180
218,Angela,Clark,aclark61@angelfire.com,Female,90.40.219.239
219,Phyllis,Snyder,psnyder62@unblog.fr,Female,8.145.159.2
220,Paul,Phillips,pphillips63@miitbeian.gov.cn,Male,151.252.118.183
221,Nicole,Willis,nwillis64@nytimes.com,Female,37.233.55.46
222,Kathleen,Cooper,kcooper65@shinystat.com,Female,95.205.212.180
223,Aaron,Hernandez,ahernandez66@imgur.com,Male,184.109.145.95
224,Melissa,Jenkins,mjenkins67@google.fr,Female,12.218.166.127
225,Nancy,Stevens,nstevens68@paginegialle.it,Female,57.25.205.237
226,Janet,Coleman,jcoleman69@webnode.com,Female,127.138.122.63
227,Rose,Medina,rmedina6a@drupal.org,Female,16.110.238.168
228,Heather,Barnes,hbarnes6b@thetimes.co.uk,Female,68.110.248.14
229,Stephen,Burns,sburns6c@pagesperso-orange.fr,Male,240.17.113.48
230,Phillip,Rodriguez,prodriguez6d@msu.edu,Male,149.66.121.167
231,Janet,Warren,jwarren6e@comsenz.com,Female,185.230.81.241
232,Kelly,Russell,krussell6f@irs.gov,Female,137.132.24.168
233,Rebecca,Brown,rbrown6g@sogou.com,Female,222.88.51.62
234,Harold,Ortiz,hortiz6h@mtv.com,Male,39.144.191.42
235,Donald,Bishop,dbishop6i@archive.org,Male,30.70.180.67
236,Norma,Grant,ngrant6j@answers.com,Female,151.138.220.123
237,Kimberly,Perkins,kperkins6k@senate.gov,Female,104.147.135.40
238,Henry,Perkins,hperkins6l@amazon.co.jp,Male,203.116.69.74
239,Diana,Brooks,dbrooks6m@plala.or.jp,Female,191.221.22.102
240,Ronald,Hughes,rhughes6n@de.vu,Male,7.1.211.248
241,Katherine,Rivera,krivera6o@umich.edu,Female,21.161.4.20
242,Kathleen,Gibson,kgibson6p@sciencedaily.com,Female,252.207.26.39
243,Brenda,Russell,brussell6q@princeton.edu,Female,228.51.170.222
244,Ruth,Bailey,rbailey6r@baidu.com,Female,140.52.72.7
245,Laura,Watkins,lwatkins6s@w3.org,Female,77.9.223.208
246,Diana,Coleman,dcoleman6t@cnbc.com,Female,22.164.52.251
247,Terry,Taylor,ttaylor6u@51.la,Male,78.34.208.136
248,Laura,Harrison,lharrison6v@chicagotribune.com,Female,95.9.195.181
249,Katherine,Reed,kreed6w@jalbum.net,Female,212.102.7.91
250,Lawrence,Morris,lmorris6x@qq.com,Male,217.18.42.82
251,Donald,Morgan,dmorgan6y@ustream.tv,Male,174.91.14.234
252,Harold,Powell,hpowell6z@sohu.com,Male,174.212.155.3
253,Brandon,Edwards,bedwards70@parallels.com,Male,5.250.230.141
254,Denise,Franklin,dfranklin71@pen.io,Female,249.49.222.169
255,Jesse,Howard,jhoward72@comcast.net,Male,217.25.155.162
256,Sara,Davis,sdavis73@craigslist.org,Female,107.227.233.85
257,Roger,Bowman,rbowman74@salon.com,Male,129.93.226.249
258,Sharon,Carroll,scarroll75@vimeo.com,Female,97.34.98.130
259,Willie,Gibson,wgibson76@indiatimes.com,Male,99.73.83.214
260,Irene,Mills,imills77@umn.edu,Female,134.23.199.203
261,Alice,Robertson,arobertson78@icq.com,Female,181.35.141.18
262,Deborah,Ramirez,dramirez79@icq.com,Female,233.155.208.76
263,Larry,Williamson,lwilliamson7a@salon.com,Male,25.51.119.78
264,Michelle,Kim,mkim7b@pcworld.com,Female,18.55.103.195
265,Christine,Ellis,cellis7c@freewebs.com,Female,197.171.3.151
266,Johnny,Weaver,jweaver7d@ft.com,Male,112.121.133.203
267,Judy,Ferguson,jferguson7e@samsung.com,Female,134.38.235.211
268,Anne,Ruiz,aruiz7f@cafepress.com,Female,163.184.74.73
269,Linda,Hughes,lhughes7g@sina.com.cn,Female,92.71.56.198
270,James,Fox,jfox7h@google.pl,Male,151.201.212.44
271,Ruth,Webb,rwebb7i@cnet.com,Female,80.111.141.195
272,Jeffrey,Walker,jwalker7j@technorati.com,Male,53.206.112.112
273,Jason,Medina,jmedina7k@issuu.com,Male,191.88.42.25
274,Johnny,Grant,jgrant7l@auda.org.au,Male,65.248.28.129
275,Jimmy,Henry,jhenry7m@techcrunch.com,Male,105.94.110.160
276,Dennis,Lee,dlee7n@php.net,Male,142.100.53.169
277,Kathryn,Chavez,kchavez7o@baidu.com,Female,226.91.139.189
278,Marilyn,Hunter,mhunter7p@umich.edu,Female,181.227.0.38
279,Gary,Austin,gaustin7q@multiply.com,Male,77.74.191.149
280,Kenneth,Daniels,kdaniels7r@360.cn,Male,131.177.190.120
281,Carlos,Ruiz,cruiz7s@usnews.com,Male,118.194.126.220
282,Dennis,Cunningham,dcunningham7t@google.com,Male,251.174.139.73
283,Donna,Allen,dallen7u@ovh.net,Female,14.206.65.28
284,Bonnie,Wood,bwood7v@shinystat.com,Female,186.149.33.194
285,Diana,Parker,dparker7w@plala.or.jp,Female,103.56.191.171
286,James,Hart,jhart7x@chronoengine.com,Male,201.162.56.41
287,Jane,Banks,jbanks7y@ca.gov,Female,138.22.144.253
288,Kelly,Ray,kray7z@bigcartel.com,Female,113.233.63.37
289,Randy,Bennett,rbennett80@nifty.com,Male,159.75.49.121
290,Diane,Welch,dwelch81@businessinsider.com,Female,231.50.18.123
291,Brian,Fields,bfields82@japanpost.jp,Male,127.194.59.242
292,Craig,Carr,ccarr83@wikipedia.org,Male,122.147.228.224
293,Jeremy,Harvey,jharvey84@uol.com.br,Male,253.5.171.204
294,Matthew,Ford,mford85@shinystat.com,Male,147.42.225.244
295,Juan,Wallace,jwallace86@sciencedaily.com,Male,24.245.171.215
296,Jacqueline,Dean,jdean87@weather.com,Female,170.201.200.200
297,Susan,Dunn,sdunn88@paginegialle.it,Female,83.11.228.91
298,Henry,Barnes,hbarnes89@oracle.com,Male,101.157.156.29
299,Heather,Payne,hpayne8a@answers.com,Female,0.184.101.188
300,Roy,Cooper,rcooper8b@narod.ru,Male,153.150.70.212
301,Mildred,Medina,mmedina8c@sina.com.cn,Female,98.191.127.83
302,Wanda,Williamson,wwilliamson8d@skype.com,Female,249.23.212.193
303,Jean,Johnston,jjohnston8e@yellowpages.com,Female,175.201.52.188
304,Catherine,Ford,cford8f@umich.edu,Female,90.96.250.146
305,Sean,Price,sprice8g@wikipedia.org,Male,60.168.105.48
306,Joshua,Hughes,jhughes8h@ask.com,Male,148.174.3.157
307,Sean,Patterson,spatterson8i@senate.gov,Male,75.30.198.207
308,Benjamin,Rivera,brivera8j@dion.ne.jp,Male,41.115.123.68
309,Samuel,Hayes,shayes8k@microsoft.com,Male,60.97.48.251
310,Ernest,Murphy,emurphy8l@japanpost.jp,Male,222.18.240.33
311,Judith,Kelly,jkelly8m@fotki.com,Female,157.88.125.253
312,Thomas,Cole,tcole8n@ocn.ne.jp,Male,130.255.4.99
313,Phyllis,Rogers,progers8o@aboutads.info,Female,6.255.102.254
314,Willie,Flores,wflores8p@unicef.org,Male,174.239.236.204
315,Sara,Carroll,scarroll8q@imageshack.us,Female,233.66.129.216
316,Doris,Gomez,dgomez8r@dmoz.org,Female,177.227.160.237
317,Johnny,Henderson,jhenderson8s@wix.com,Male,147.104.52.8
318,Phyllis,Morrison,pmorrison8t@amazonaws.com,Female,114.220.75.76
319,Billy,Davis,bdavis8u@telegraph.co.uk,Male,174.111.99.121
320,Daniel,Hill,dhill8v@sohu.com,Male,74.163.113.156
321,Carolyn,Ramirez,cramirez8w@cmu.edu,Female,69.107.75.159
322,Matthew,Gonzales,mgonzales8x@blogspot.com,Male,232.192.195.200
323,Steve,Cunningham,scunningham8y@sciencedaily.com,Male,128.176.210.43
324,Albert,Murray,amurray8z@netlog.com,Male,158.169.234.219
325,Chris,Lopez,clopez90@oaic.gov.au,Male,168.222.12.184
326,Ruby,Ryan,rryan91@mac.com,Female,59.52.252.147
327,Diane,Flores,dflores92@reddit.com,Female,152.179.174.225
328,Mark,Austin,maustin93@deviantart.com,Male,211.15.74.139
329,Frank,Garcia,fgarcia94@canalblog.com,Male,62.138.173.124
330,Melissa,Hicks,mhicks95@wikimedia.org,Female,191.23.16.240
331,Diana,Simmons,dsimmons96@amazon.co.uk,Female,117.90.157.18
332,Martin,Gonzales,mgonzales97@behance.net,Male,251.221.111.214
333,Ernest,Gonzales,egonzales98@typepad.com,Male,225.218.67.136
334,Dennis,Cooper,dcooper99@zdnet.com,Male,11.69.212.106
335,Russell,Hart,rhart9a@hud.gov,Male,146.230.19.135
336,Jacqueline,Morris,jmorris9b@live.com,Female,211.44.229.225
337,Wanda,Ramos,wramos9c@scientificamerican.com,Female,200.107.33.54
338,Stephanie,Phillips,sphillips9d@craigslist.org,Female,156.231.80.38
339,Ashley,Little,alittle9e@dailymail.co.uk,Female,59.184.171.84
340,Paul,Morrison,pmorrison9f@noaa.gov,Male,156.251.111.123
341,Julie,Powell,jpowell9g@statcounter.com,Female,207.215.3.26
342,Shawn,Martinez,smartinez9h@scientificamerican.com,Male,207.207.225.251
343,Diane,Martin,dmartin9i@yelp.com,Female,41.6.155.31
344,Sharon,King,sking9j@ihg.com,Female,152.233.186.128
345,Rebecca,Fisher,rfisher9k@livejournal.com,Female,239.43.111.184
346,Kathryn,Ramirez,kramirez9l@va.gov,Female,157.52.220.149
347,Richard,Carpenter,rcarpenter9m@cisco.com,Male,229.102.213.206
348,Jeffrey,Johnston,jjohnston9n@umich.edu,Male,61.209.241.175
349,Clarence,Burke,cburke9o@wsj.com,Male,33.2.246.28
350,Paul,Fowler,pfowler9p@parallels.com,Male,83.125.218.105
351,Katherine,Owens,kowens9q@xinhuanet.com,Female,18.158.22.45
352,Emily,Kim,ekim9r@123-reg.co.uk,Female,75.53.157.127
353,Rebecca,Hernandez,rhernandez9s@chron.com,Female,103.98.115.163
354,Doris,Simmons,dsimmons9t@eventbrite.com,Female,218.234.121.187
355,Gerald,Wright,gwright9u@msu.edu,Male,58.69.202.68
356,Phillip,Baker,pbaker9v@csmonitor.com,Male,24.226.230.178
357,Nicholas,Hanson,nhanson9w@flavors.me,Male,31.162.195.224
358,Mildred,Reynolds,mreynolds9x@clickbank.net,Female,203.100.161.99
359,Wayne,James,wjames9y@facebook.com,Male,92.241.206.231
360,Brian,Warren,bwarren9z@go.com,Male,131.130.202.216
361,Karen,Vasquez,kvasqueza0@cbc.ca,Female,108.48.219.160
362,Juan,Turner,jturnera1@va.gov,Male,66.170.114.45
363,Karen,Hughes,khughesa2@wisc.edu,Female,146.78.153.156
364,James,Cole,jcolea3@jigsy.com,Male,248.117.19.254
365,Julie,Ross,jrossa4@sitemeter.com,Female,101.141.241.90
366,Steve,Brown,sbrowna5@independent.co.uk,Male,79.227.220.39
367,Andrew,Dixon,adixona6@wufoo.com,Male,252.104.80.200
368,Donald,Jones,djonesa7@japanpost.jp,Male,65.80.103.245
369,Benjamin,Davis,bdavisa8@hibu.com,Male,171.82.204.58
370,Roger,Warren,rwarrena9@ovh.net,Male,240.54.243.156
371,Alice,White,awhiteaa@rakuten.co.jp,Female,152.184.147.236
372,Pamela,Foster,pfosterab@cafepress.com,Female,104.160.235.13
373,Amy,Berry,aberryac@msu.edu,Female,214.167.39.235
374,Scott,White,swhitead@shinystat.com,Male,127.181.93.83
375,Mary,Mitchell,mmitchellae@macromedia.com,Female,29.128.4.156
376,Justin,Andrews,jandrewsaf@about.me,Male,112.215.132.174
377,Norma,Palmer,npalmerag@phoca.cz,Female,237.63.99.179
378,Lois,Hamilton,lhamiltonah@paypal.com,Female,191.29.92.160
379,Joshua,Webb,jwebbai@infoseek.co.jp,Male,220.119.42.4
380,Anna,Dixon,adixonaj@illinois.edu,Female,200.214.9.237
381,Willie,Rogers,wrogersak@topsy.com,Male,144.143.189.123
382,Katherine,Gordon,kgordonal@engadget.com,Female,83.229.97.27
383,Debra,Price,dpriceam@theguardian.com,Female,109.60.199.109
384,Judith,Hanson,jhansonan@canalblog.com,Female,117.229.88.132
385,Craig,Young,cyoungao@mlb.com,Male,21.131.113.243
386,Christine,James,cjamesap@ycombinator.com,Female,113.1.227.92
387,Gerald,Garrett,ggarrettaq@hatena.ne.jp,Male,250.118.228.241
388,Wayne,Patterson,wpattersonar@technorati.com,Male,170.181.144.97
389,Amy,Carroll,acarrollas@yahoo.co.jp,Female,92.129.200.168
390,Amy,Vasquez,avasquezat@squidoo.com,Female,48.233.58.51
391,Joseph,Cole,jcoleau@state.tx.us,Male,224.16.123.168
392,Kelly,Mcdonald,kmcdonaldav@cmu.edu,Female,173.91.165.225
393,Robin,Johnston,rjohnstonaw@intel.com,Female,185.255.172.39
394,Kenneth,Perry,kperryax@berkeley.edu,Male,77.142.4.252
395,Annie,Collins,acollinsay@hud.gov,Female,242.201.251.72
396,Wanda,Banks,wbanksaz@sohu.com,Female,12.224.65.82
397,Janet,Lane,jlaneb0@sbwire.com,Female,236.171.221.49
398,Janet,Fernandez,jfernandezb1@google.com,Female,24.42.127.32
399,William,Gardner,wgardnerb2@networksolutions.com,Male,48.209.107.210
400,Earl,Chavez,echavezb3@nymag.com,Male,150.119.210.8
401,Carlos,Hanson,chansonb4@shutterfly.com,Male,90.205.252.229
402,Christina,Frazier,cfrazierb5@booking.com,Female,79.190.6.130
403,Lori,Watkins,lwatkinsb6@icq.com,Female,43.27.115.6
404,Joyce,Gilbert,jgilbertb7@theatlantic.com,Female,198.125.88.166
405,Peter,Hayes,phayesb8@facebook.com,Male,251.158.75.99
406,Scott,Burke,sburkeb9@seattletimes.com,Male,73.8.108.195
407,Martin,Scott,mscottba@irs.gov,Male,34.103.201.124
408,Donald,Ward,dwardbb@sakura.ne.jp,Male,247.218.209.154
409,Dennis,Ford,dfordbc@cdbaby.com,Male,198.74.243.210
410,Sara,Little,slittlebd@posterous.com,Female,239.60.239.254
411,Philip,Matthews,pmatthewsbe@privacy.gov.au,Male,91.244.123.252
412,Phyllis,Kennedy,pkennedybf@diigo.com,Female,215.200.77.165
413,Ann,Day,adaybg@cpanel.net,Female,42.65.110.144
414,Lillian,Castillo,lcastillobh@globo.com,Female,214.235.21.213
415,Deborah,Banks,dbanksbi@i2i.jp,Female,48.253.46.51
416,Keith,Mccoy,kmccoybj@sourceforge.net,Male,128.0.110.166
417,Frank,Turner,fturnerbk@topsy.com,Male,26.192.193.126
418,Kimberly,Parker,kparkerbl@ted.com,Female,49.66.103.77
419,Martin,Bowman,mbowmanbm@hexun.com,Male,219.76.22.121
420,Mildred,Day,mdaybn@dropbox.com,Female,166.196.88.105
421,Juan,Rose,jrosebo@google.cn,Male,39.156.134.138
422,Willie,Dean,wdeanbp@foxnews.com,Male,204.243.241.237
423,Antonio,Long,alongbq@unblog.fr,Male,157.132.182.225
424,Teresa,Medina,tmedinabr@usa.gov,Female,56.28.79.117
425,Irene,Watkins,iwatkinsbs@vkontakte.ru,Female,190.236.168.220
426,Benjamin,Andrews,bandrewsbt@shop-pro.jp,Male,56.21.178.54
427,Sharon,Turner,sturnerbu@google.pl,Female,54.134.86.17
428,Jonathan,Rogers,jrogersbv@wix.com,Male,104.168.54.183
429,Keith,Watkins,kwatkinsbw@msu.edu,Male,163.249.61.133
430,Jane,Barnes,jbarnesbx@oaic.gov.au,Female,33.62.247.137
431,Bruce,Larson,blarsonby@soup.io,Male,50.32.226.57
432,Harry,Lopez,hlopezbz@blogger.com,Male,237.20.178.218
433,Diana,Allen,dallenc0@goo.ne.jp,Female,79.30.249.24
434,Katherine,Sims,ksimsc1@webnode.com,Female,10.72.178.96
435,Shawn,Sanchez,ssanchezc2@ameblo.jp,Male,42.102.236.167
436,Joan,Armstrong,jarmstrongc3@theglobeandmail.com,Female,189.106.220.248
437,Roy,Sanders,rsandersc4@cbslocal.com,Male,99.10.18.15
438,Jeremy,Hanson,jhansonc5@seesaa.net,Male,101.19.204.205
439,Melissa,Berry,mberryc6@mapy.cz,Female,230.229.146.253
440,Lawrence,Sanders,lsandersc7@webs.com,Male,58.71.11.120
441,James,Kim,jkimc8@cornell.edu,Male,127.54.170.174
442,Dorothy,Moore,dmoorec9@about.me,Female,27.34.71.41
443,Gary,Daniels,gdanielsca@dion.ne.jp,Male,19.76.215.132
444,Gloria,Gardner,ggardnercb@ihg.com,Female,74.79.238.91
445,Larry,Hayes,lhayescc@tripadvisor.com,Male,37.96.82.165
446,Robert,Nichols,rnicholscd@deviantart.com,Male,65.73.168.161
447,Laura,Mitchell,lmitchellce@ovh.net,Female,240.13.94.63
448,Gloria,Patterson,gpattersoncf@1688.com,Female,209.214.233.178
449,Bobby,Adams,badamscg@pinterest.com,Male,18.232.180.243
450,Lisa,Johnson,ljohnsonch@mozilla.org,Female,184.137.47.23
451,Robin,Bradley,rbradleyci@typepad.com,Female,244.226.130.17
452,Bobby,Reyes,breyescj@technorati.com,Male,155.148.160.166
453,Shawn,Perry,sperryck@t-online.de,Male,90.107.223.207
454,Marilyn,Duncan,mduncancl@facebook.com,Female,131.157.232.20
455,Steve,Warren,swarrencm@mapy.cz,Male,64.229.112.23
456,Marilyn,Olson,molsoncn@vimeo.com,Female,189.45.121.128
457,Julia,Adams,jadamsco@washingtonpost.com,Female,83.163.136.217
458,Sara,Gutierrez,sgutierrezcp@webnode.com,Female,185.188.177.99
459,Melissa,Shaw,mshawcq@mayoclinic.com,Female,235.140.14.73
460,Judith,Griffin,jgriffincr@yellowbook.com,Female,164.215.26.9
461,Margaret,Reynolds,mreynoldscs@reuters.com,Female,215.182.70.138
462,Sharon,Chapman,schapmanct@phoca.cz,Female,3.1.213.248
463,Alice,Burke,aburkecu@oakley.com,Female,97.105.170.13
464,Christina,Mcdonald,cmcdonaldcv@state.gov,Female,207.232.213.49
465,Scott,Olson,solsoncw@statcounter.com,Male,167.107.124.44
466,Kathleen,Morgan,kmorgancx@rambler.ru,Female,235.192.70.74
467,Steven,Hicks,shickscy@msn.com,Male,167.88.138.228
468,Mildred,Ryan,mryancz@creativecommons.org,Female,99.212.134.218
469,Carlos,Patterson,cpattersond0@chronoengine.com,Male,245.203.192.112
470,Harry,Anderson,handersond1@goo.ne.jp,Male,185.252.84.192
471,Diana,Ortiz,dortizd2@theglobeandmail.com,Female,255.4.88.70
472,Daniel,Bailey,dbaileyd3@topsy.com,Male,158.81.240.33
473,Joshua,Lawson,jlawsond4@google.cn,Male,53.65.205.153
474,Louis,Anderson,landersond5@hexun.com,Male,118.116.39.170
475,Lawrence,Brown,lbrownd6@163.com,Male,159.47.49.66
476,Christopher,Patterson,cpattersond7@amazon.com,Male,84.226.30.210
477,Douglas,Chapman,dchapmand8@mlb.com,Male,2.24.59.250
478,Jean,Frazier,jfrazierd9@github.com,Female,26.194.143.227
479,Fred,Rose,froseda@dailymotion.com,Male,206.106.55.4
480,Annie,Moreno,amorenodb@sogou.com,Female,213.244.103.70
481,Angela,Rice,aricedc@scribd.com,Female,246.135.9.21
482,Lisa,Adams,ladamsdd@163.com,Female,41.233.81.11
483,Joan,Nguyen,jnguyende@foxnews.com,Female,158.211.205.89
484,Brian,Hill,bhilldf@jugem.jp,Male,194.218.220.78
485,Julia,Bennett,jbennettdg@trellian.com,Female,158.8.229.222
486,Debra,Turner,dturnerdh@youtu.be,Female,9.234.233.46
487,Christina,Wood,cwooddi@hugedomains.com,Female,174.224.117.28
488,Richard,Hicks,rhicksdj@sogou.com,Male,237.251.29.186
489,Randy,Nelson,rnelsondk@wordpress.com,Male,31.24.212.54
490,Joseph,Payne,jpaynedl@cnn.com,Male,230.167.11.142
491,Frank,Griffin,fgriffindm@infoseek.co.jp,Male,192.76.164.42
492,Albert,Willis,awillisdn@cdc.gov,Male,43.68.91.178
493,Marilyn,Garza,mgarzado@harvard.edu,Female,239.149.219.109
494,Howard,Stone,hstonedp@youtu.be,Male,143.249.76.100
495,Juan,Richardson,jrichardsondq@theglobeandmail.com,Male,12.7.188.54
496,Patrick,Morgan,pmorgandr@ning.com,Male,140.17.6.135
497,Louise,Greene,lgreeneds@furl.net,Female,136.90.146.47
498,Samuel,Diaz,sdiazdt@ebay.co.uk,Male,143.135.171.137
499,Martha,Hicks,mhicksdu@smugmug.com,Female,190.100.9.66
500,Aaron,Rodriguez,arodriguezdv@jalbum.net,Male,210.226.149.97
501,Antonio,Rodriguez,arodriguezdw@tripadvisor.com,Male,108.82.6.199
502,Susan,Hawkins,shawkinsdx@samsung.com,Female,1.55.4.220
503,Sean,Carpenter,scarpenterdy@sitemeter.com,Male,142.90.233.2
504,John,Ross,jrossdz@elegantthemes.com,Male,252.161.125.223
505,Fred,Barnes,fbarnese0@prnewswire.com,Male,254.85.13.233
506,Kathy,Johnston,kjohnstone1@ucsd.edu,Female,111.75.200.154
507,Catherine,Black,cblacke2@livejournal.com,Female,140.170.63.34
508,Russell,Lewis,rlewise3@pcworld.com,Male,142.213.235.220
509,Roger,Moore,rmooree4@friendfeed.com,Male,60.134.40.206
510,Lori,Schmidt,lschmidte5@sfgate.com,Female,243.216.120.96
511,Kathy,Simpson,ksimpsone6@intel.com,Female,148.109.112.244
512,Stephen,Coleman,scolemane7@umich.edu,Male,133.135.51.221
513,John,Perkins,jperkinse8@163.com,Male,86.247.9.104
514,Dorothy,Hunt,dhunte9@cisco.com,Female,138.27.40.58
515,Justin,Hunter,jhunterea@whitehouse.gov,Male,77.110.4.197
516,Heather,Howard,hhowardeb@bigcartel.com,Female,210.73.116.20
517,Debra,James,djamesec@eepurl.com,Female,60.225.117.113
518,Bobby,Williams,bwilliamsed@home.pl,Male,196.18.67.231
519,Catherine,Stevens,cstevensee@oracle.com,Female,57.139.52.48
520,Donald,Wright,dwrightef@networksolutions.com,Male,180.81.197.217
521,Deborah,Adams,dadamseg@dailymotion.com,Female,149.83.152.235
522,Doris,Howell,dhowelleh@prweb.com,Female,154.135.215.95
523,Amy,Payne,apayneei@elpais.com,Female,138.113.114.46
524,Sharon,Allen,sallenej@thetimes.co.uk,Female,219.150.53.173
525,Kenneth,Rogers,krogersek@github.com,Male,67.98.99.78
526,Alan,Jacobs,ajacobsel@who.int,Male,159.38.197.204
527,Robert,Campbell,rcampbellem@stanford.edu,Male,250.152.215.102
528,Clarence,Wallace,cwallaceen@google.de,Male,89.4.54.207
529,Brian,Fox,bfoxeo@domainmarket.com,Male,37.200.21.179
530,Douglas,James,djamesep@msn.com,Male,142.23.51.59
531,Jeremy,Williams,jwilliamseq@taobao.com,Male,49.189.103.193
532,Stephanie,Romero,sromeroer@soup.io,Female,31.8.140.36
533,Frank,Peterson,fpetersones@buzzfeed.com,Male,17.222.118.142
534,Betty,Spencer,bspenceret@etsy.com,Female,242.44.115.253
535,Teresa,Russell,trusselleu@so-net.ne.jp,Female,196.151.69.75
536,Cynthia,Carr,ccarrev@bloglines.com,Female,45.44.13.237
537,Eugene,Romero,eromeroew@unc.edu,Male,75.213.247.58
538,Shawn,Kelley,skelleyex@xrea.com,Male,204.41.140.65
539,Mary,Fox,mfoxey@google.ca,Female,152.63.218.238
540,Evelyn,Rose,eroseez@statcounter.com,Female,42.48.199.159
541,Nancy,Green,ngreenf0@bigcartel.com,Female,148.50.111.51
542,Timothy,Price,tpricef1@hubpages.com,Male,241.101.222.52
543,Randy,Collins,rcollinsf2@discuz.net,Male,175.63.61.7
544,Donald,Gonzales,dgonzalesf3@irs.gov,Male,36.209.67.247
545,Andrea,Jackson,ajacksonf4@house.gov,Female,244.9.255.190
546,Eric,Marshall,emarshallf5@reddit.com,Male,111.78.241.53
547,Ernest,Robertson,erobertsonf6@friendfeed.com,Male,46.70.30.131
548,Jimmy,Wright,jwrightf7@google.com.br,Male,252.219.251.162
549,Jacqueline,Baker,jbakerf8@weather.com,Female,107.124.50.152
550,Ralph,Cox,rcoxf9@taobao.com,Male,208.159.86.210
551,Amy,Clark,aclarkfa@baidu.com,Female,154.195.92.208
552,Kathryn,Schmidt,kschmidtfb@sohu.com,Female,162.224.188.124
553,Frances,Smith,fsmithfc@jimdo.com,Female,151.82.177.55
554,Sara,Wells,swellsfd@ft.com,Female,172.108.23.172
555,Shawn,Myers,smyersfe@dedecms.com,Male,32.167.42.83
556,Susan,Garrett,sgarrettff@umn.edu,Female,190.32.215.105
557,Raymond,Crawford,rcrawfordfg@google.com.br,Male,171.128.42.15
558,Patrick,Chapman,pchapmanfh@npr.org,Male,178.165.159.19
559,Ruth,Thomas,rthomasfi@amazonaws.com,Female,205.167.223.69
560,Denise,Wallace,dwallacefj@163.com,Female,53.2.45.222
561,Judy,Woods,jwoodsfk@histats.com,Female,135.49.161.64
562,Donald,Kelley,dkelleyfl@newyorker.com,Male,145.108.108.142
563,Diana,Carpenter,dcarpenterfm@netvibes.com,Female,113.81.175.125
564,Melissa,Bennett,mbennettfn@ucsd.edu,Female,85.42.93.202
565,Barbara,Allen,ballenfo@weibo.com,Female,227.194.46.58
566,Adam,Lewis,alewisfp@parallels.com,Male,141.214.167.214
567,Charles,Daniels,cdanielsfq@sun.com,Male,125.54.190.51
568,Steven,Little,slittlefr@w3.org,Male,119.38.41.243
569,Ann,Hernandez,ahernandezfs@seesaa.net,Female,101.111.202.220
570,Jacqueline,Perry,jperryft@nature.com,Female,58.76.70.105
571,Barbara,James,bjamesfu@netlog.com,Female,184.154.6.134
572,Joshua,Jacobs,jjacobsfv@weebly.com,Male,139.252.237.179
573,Alan,Crawford,acrawfordfw@ameblo.jp,Male,156.112.113.181
574,David,Larson,dlarsonfx@g.co,Male,204.246.164.28
575,Louis,Mendoza,lmendozafy@deliciousdays.com,Male,250.221.12.27
576,Jerry,Watson,jwatsonfz@wikipedia.org,Male,103.234.246.48
577,Alice,Hamilton,ahamiltong0@boston.com,Female,190.69.201.206
578,Harold,Ford,hfordg1@angelfire.com,Male,29.100.165.196
579,Jennifer,Baker,jbakerg2@stumbleupon.com,Female,156.43.157.210
580,Howard,Ellis,hellisg3@princeton.edu,Male,112.44.103.215
581,Justin,Lewis,jlewisg4@cafepress.com,Male,186.204.237.183
582,Joyce,Wood,jwoodg5@mozilla.org,Female,164.198.136.168
583,Theresa,Rice,triceg6@digg.com,Female,18.4.78.140
584,Katherine,Richardson,krichardsong7@ehow.com,Female,101.167.244.123
585,Timothy,Flores,tfloresg8@google.fr,Male,65.43.157.225
586,Walter,Bryant,wbryantg9@slashdot.org,Male,226.50.18.177
587,Sara,Snyder,ssnyderga@liveinternet.ru,Female,55.137.152.55
588,Robert,Turner,rturnergb@constantcontact.com,Male,61.131.68.153
589,Edward,Richards,erichardsgc@npr.org,Male,49.133.89.61
590,Stephen,Hunt,shuntgd@twitter.com,Male,165.140.194.203
591,Barbara,Cox,bcoxge@spotify.com,Female,41.236.108.186
592,Benjamin,White,bwhitegf@yandex.ru,Male,65.252.241.134
593,Juan,Patterson,jpattersongg@about.me,Male,206.27.236.191
594,Lawrence,Hall,lhallgh@theatlantic.com,Male,251.200.69.20
595,Roy,Ray,rraygi@npr.org,Male,42.125.183.160
596,Gerald,Griffin,ggriffingj@constantcontact.com,Male,2.222.145.123
597,Robert,Garcia,rgarciagk@amazon.com,Male,146.216.125.149
598,Debra,Carter,dcartergl@techcrunch.com,Female,11.97.120.72
599,Betty,Riley,brileygm@java.com,Female,24.126.156.27
600,Joe,Martin,jmartingn@state.gov,Male,40.103.145.109
601,Margaret,Gordon,mgordongo@ox.ac.uk,Female,237.220.79.194
602,George,Green,ggreengp@sphinn.com,Male,49.229.181.25
603,Anna,Wood,awoodgq@va.gov,Female,187.40.165.163
604,Kenneth,Cole,kcolegr@shutterfly.com,Male,152.205.221.68
605,Kevin,Medina,kmedinags@reddit.com,Male,144.22.172.64
606,Ralph,Robertson,rrobertsongt@gnu.org,Male,119.55.136.244
607,Robert,Allen,rallengu@eepurl.com,Male,87.132.44.9
608,Maria,Matthews,mmatthewsgv@aboutads.info,Female,253.191.182.2
609,Kevin,Bell,kbellgw@spotify.com,Male,186.17.67.200
610,Shawn,Wilson,swilsongx@github.com,Male,66.38.121.149
611,Dorothy,Peters,dpetersgy@wired.com,Female,157.49.77.91
612,Brandon,Harvey,bharveygz@typepad.com,Male,36.58.223.132
613,Theresa,Roberts,trobertsh0@multiply.com,Female,255.65.113.46
614,Helen,Gordon,hgordonh1@simplemachines.org,Female,252.111.162.107
615,Adam,Kim,akimh2@trellian.com,Male,117.226.86.171
616,Kimberly,Rodriguez,krodriguezh3@accuweather.com,Female,94.31.120.139
617,Alan,Ross,arossh4@techcrunch.com,Male,127.195.252.111
618,Betty,Bryant,bbryanth5@rambler.ru,Female,215.76.201.24
619,Lori,Bennett,lbennetth6@census.gov,Female,204.81.120.211
620,Todd,Moore,tmooreh7@e-recht24.de,Male,225.114.244.230
621,Jason,Kennedy,jkennedyh8@unblog.fr,Male,179.92.184.241
622,Judy,Owens,jowensh9@printfriendly.com,Female,69.97.197.19
623,Lawrence,Butler,lbutlerha@weather.com,Male,41.46.49.55
624,Anna,Howell,ahowellhb@de.vu,Female,242.79.90.119
625,Donna,West,dwesthc@ted.com,Female,110.98.5.129
626,Lois,Cox,lcoxhd@clickbank.net,Female,178.94.142.62
627,Julia,Spencer,jspencerhe@tinyurl.com,Female,96.52.108.228
628,Jennifer,Flores,jfloreshf@intel.com,Female,48.51.27.96
629,Eugene,Gonzalez,egonzalezhg@wp.com,Male,255.148.199.15
630,Clarence,Willis,cwillishh@goo.gl,Male,76.132.6.68
631,Judy,Reyes,jreyeshi@omniture.com,Female,80.206.205.64
632,Anne,Reyes,areyeshj@dell.com,Female,63.152.120.169
633,Alice,Henry,ahenryhk@columbia.edu,Female,247.82.185.36
634,Annie,Gutierrez,agutierrezhl@scientificamerican.com,Female,183.211.93.66
635,Albert,Little,alittlehm@seattletimes.com,Male,89.170.104.57
636,Christine,Little,clittlehn@bloglines.com,Female,171.0.183.35
637,Jose,Nelson,jnelsonho@forbes.com,Male,166.206.121.69
638,Amanda,Gibson,agibsonhp@hud.gov,Female,82.215.141.210
639,Russell,Lynch,rlynchhq@dailymail.co.uk,Male,99.105.117.183
640,Mark,Bennett,mbennetthr@howstuffworks.com,Male,207.89.69.210
641,Beverly,Morgan,bmorganhs@microsoft.com,Female,203.111.232.63
642,Andrea,Rodriguez,arodriguezht@flickr.com,Female,210.231.41.115
643,Matthew,Alexander,malexanderhu@virginia.edu,Male,194.7.65.122
644,Phillip,Ryan,pryanhv@reverbnation.com,Male,96.11.186.20
645,Heather,Henderson,hhendersonhw@bigcartel.com,Female,213.87.21.156
646,Lawrence,Montgomery,lmontgomeryhx@globo.com,Male,135.11.197.73
647,Diane,Perry,dperryhy@newyorker.com,Female,30.17.23.183
648,Jason,Rice,jricehz@chronoengine.com,Male,16.69.1.56
649,Donald,Walker,dwalkeri0@oaic.gov.au,Male,163.21.116.174
650,Lisa,Henry,lhenryi1@newsvine.com,Female,237.95.238.75
651,Angela,Hawkins,ahawkinsi2@yellowpages.com,Female,197.171.135.159
652,Louis,Wilson,lwilsoni3@smh.com.au,Male,51.156.103.0
653,Robert,Wagner,rwagneri4@furl.net,Male,79.155.103.24
654,George,Frazier,gfrazieri5@theatlantic.com,Male,117.243.145.143
655,Lawrence,Sanders,lsandersi6@blogs.com,Male,52.199.172.199
656,Jesse,Snyder,jsnyderi7@e-recht24.de,Male,91.33.67.44
657,Judith,Austin,jaustini8@nationalgeographic.com,Female,186.179.182.144
658,Gerald,Jacobs,gjacobsi9@redcross.org,Male,23.148.76.127
659,Antonio,Kelley,akelleyia@mysql.com,Male,174.109.93.154
660,Jerry,Lynch,jlynchib@ihg.com,Male,142.186.141.71
661,Dorothy,Davis,ddavisic@geocities.com,Female,226.252.170.89
662,Diana,Phillips,dphillipsid@ihg.com,Female,195.67.206.182
663,Michael,Ford,mfordie@digg.com,Male,49.28.123.238
664,Justin,Carter,jcarterif@elegantthemes.com,Male,93.17.220.163
665,Janet,Harrison,jharrisonig@comsenz.com,Female,49.69.166.44
666,Benjamin,Rogers,brogersih@cdbaby.com,Male,218.60.77.247
667,Jennifer,Ramirez,jramirezii@microsoft.com,Female,67.193.190.87
668,Chris,Taylor,ctaylorij@reuters.com,Male,100.133.243.186
669,Andrew,Sanchez,asanchezik@bluehost.com,Male,20.68.200.173
670,Sean,Powell,spowellil@opera.com,Male,42.201.24.179
671,Louise,Tucker,ltuckerim@com.com,Female,210.145.170.208
672,Donna,Fields,dfieldsin@bloglovin.com,Female,0.203.51.167
673,Louis,Pierce,lpierceio@bbb.org,Male,143.113.149.223
674,Victor,Boyd,vboydip@1und1.de,Male,66.27.17.240
675,Diana,Richardson,drichardsoniq@cbsnews.com,Female,142.115.222.48
676,Larry,Morales,lmoralesir@huffingtonpost.com,Male,138.184.162.166
677,Paul,Williams,pwilliamsis@aol.com,Male,143.64.220.24
678,Gary,Hicks,ghicksit@java.com,Male,240.187.252.159
679,Albert,Wright,awrightiu@infoseek.co.jp,Male,7.30.168.43
680,Doris,Henry,dhenryiv@1und1.de,Female,118.79.124.79
681,Alan,Lane,alaneiw@google.ca,Male,87.71.61.98
682,Harry,Riley,hrileyix@chicagotribune.com,Male,121.85.82.170
683,Roger,Snyder,rsnyderiy@cbc.ca,Male,38.95.228.66
684,Brian,Anderson,bandersoniz@cornell.edu,Male,235.138.230.82
685,Virginia,Oliver,voliverj0@ox.ac.uk,Female,189.146.232.77
686,Alice,Gonzalez,agonzalezj1@pbs.org,Female,190.185.155.65
687,Virginia,Harvey,vharveyj2@google.co.jp,Female,102.4.31.44
688,Melissa,Ross,mrossj3@reference.com,Female,20.130.192.158
689,Melissa,Myers,mmyersj4@bigcartel.com,Female,230.50.29.142
690,Martin,Burton,mburtonj5@lulu.com,Male,181.130.45.19
691,Mary,Spencer,mspencerj6@diigo.com,Female,32.120.232.173
692,Jessica,Little,jlittlej7@drupal.org,Female,12.251.99.19
693,Mildred,Gilbert,mgilbertj8@cornell.edu,Female,212.158.81.11
694,Shirley,Roberts,srobertsj9@prnewswire.com,Female,110.26.106.68
695,Timothy,Morales,tmoralesja@yolasite.com,Male,160.148.16.89
696,Anne,Snyder,asnyderjb@usatoday.com,Female,136.185.241.171
697,Bonnie,Martin,bmartinjc@technorati.com,Female,0.186.34.77
698,Timothy,Warren,twarrenjd@simplemachines.org,Male,88.231.255.192
699,Joan,Gonzalez,jgonzalezje@sina.com.cn,Female,24.13.158.142
700,Anthony,Fernandez,afernandezjf@php.net,Male,195.212.183.181
701,Jennifer,Austin,jaustinjg@china.com.cn,Female,68.185.245.177
702,Dennis,Rose,drosejh@dot.gov,Male,92.66.185.246
703,George,Dixon,gdixonji@bluehost.com,Male,181.181.150.14
704,Phyllis,Vasquez,pvasquezjj@printfriendly.com,Female,188.140.60.220
705,Jane,Hughes,jhughesjk@jalbum.net,Female,100.56.97.226
706,Theresa,Mccoy,tmccoyjl@dmoz.org,Female,115.26.67.40
707,Thomas,Cole,tcolejm@ucoz.ru,Male,82.16.68.205
708,Jerry,Campbell,jcampbelljn@miibeian.gov.cn,Male,111.1.198.187
709,Amy,Perez,aperezjo@yale.edu,Female,54.65.143.29
710,Nancy,Willis,nwillisjp@livejournal.com,Female,41.138.66.38
711,Henry,Payne,hpaynejq@yellowpages.com,Male,9.59.143.62
712,Paul,Lee,pleejr@chron.com,Male,88.224.56.198
713,Brandon,Sullivan,bsullivanjs@wikia.com,Male,122.93.4.146
714,Ryan,Chapman,rchapmanjt@symantec.com,Male,227.137.78.192
715,Debra,Baker,dbakerju@ning.com,Female,130.99.178.126
716,Harry,Schmidt,hschmidtjv@yahoo.co.jp,Male,152.61.38.197
717,Todd,Simmons,tsimmonsjw@t.co,Male,94.240.172.155
718,Theresa,Williamson,twilliamsonjx@liveinternet.ru,Female,215.77.12.100
719,Joe,Bishop,jbishopjy@auda.org.au,Male,203.195.145.94
720,Beverly,Hunt,bhuntjz@nih.gov,Female,44.33.170.138
721,Stephen,Ruiz,sruizk0@wix.com,Male,106.226.198.226
722,Nicholas,Lee,nleek1@youtube.com,Male,159.231.141.220
723,Michael,Alexander,malexanderk2@instagram.com,Male,222.101.231.109
724,Janice,Gardner,jgardnerk3@indiegogo.com,Female,168.168.98.15
725,Randy,Sanchez,rsanchezk4@woothemes.com,Male,89.152.107.246
726,Carl,Boyd,cboydk5@dot.gov,Male,7.15.52.20
727,Joyce,Bennett,jbennettk6@buzzfeed.com,Female,206.116.128.170
728,Bruce,Myers,bmyersk7@sciencedirect.com,Male,193.245.22.172
729,Virginia,Stewart,vstewartk8@hp.com,Female,112.242.121.191
730,Clarence,Stewart,cstewartk9@census.gov,Male,52.184.76.254
731,Sarah,Mills,smillska@hatena.ne.jp,Female,27.194.224.25
732,Jeffrey,Dixon,jdixonkb@yellowbook.com,Male,134.71.44.38
733,Tina,Sims,tsimskc@samsung.com,Female,132.144.211.53
734,Adam,Day,adaykd@wikimedia.org,Male,60.2.50.153
735,Martha,Elliott,melliottke@ehow.com,Female,214.223.29.92
736,Steven,Greene,sgreenekf@mayoclinic.com,Male,86.118.114.219
737,Rachel,Reynolds,rreynoldskg@cornell.edu,Female,4.48.85.80
738,Kevin,Warren,kwarrenkh@intel.com,Male,63.251.243.172
739,Catherine,Patterson,cpattersonki@discovery.com,Female,142.150.215.146
740,Jessica,Vasquez,jvasquezkj@altervista.org,Female,146.132.77.60
741,Katherine,Thompson,kthompsonkk@ifeng.com,Female,53.103.252.127
742,Joe,Murray,jmurraykl@businessinsider.com,Male,131.53.181.206
743,Lori,Perry,lperrykm@behance.net,Female,128.210.155.168
744,Denise,Bennett,dbennettkn@accuweather.com,Female,22.196.88.157
745,Gerald,Walker,gwalkerko@wordpress.com,Male,160.156.212.85
746,Daniel,Watson,dwatsonkp@ning.com,Male,152.217.41.186
747,Robin,Miller,rmillerkq@drupal.org,Female,122.138.175.88
748,Ann,Mcdonald,amcdonaldkr@hao123.com,Female,73.164.44.178
749,Rose,Lee,rleeks@cpanel.net,Female,185.33.155.249
750,Carl,Hicks,chickskt@bandcamp.com,Male,81.165.173.87
751,Gregory,Bowman,gbowmanku@opera.com,Male,10.246.133.237
752,David,Rivera,driverakv@csmonitor.com,Male,132.68.236.89
753,Dorothy,Burns,dburnskw@aol.com,Female,117.50.178.69
754,Russell,Reynolds,rreynoldskx@hud.gov,Male,254.0.68.251
755,Jeffrey,Little,jlittleky@barnesandnoble.com,Male,183.51.119.145
756,Bruce,Burns,bburnskz@devhub.com,Male,204.169.95.183
757,Jessica,Campbell,jcampbelll0@ibm.com,Female,151.73.216.127
758,Steve,Graham,sgrahaml1@fda.gov,Male,157.158.38.150
759,Donald,Williamson,dwilliamsonl2@foxnews.com,Male,34.230.152.178
760,Nancy,Peters,npetersl3@imdb.com,Female,208.178.233.166
761,Earl,Day,edayl4@theguardian.com,Male,250.150.196.107
762,Patricia,Riley,prileyl5@drupal.org,Female,145.36.61.217
763,Karen,Nelson,knelsonl6@smh.com.au,Female,148.78.57.127
764,Tammy,Sanchez,tsanchezl7@loc.gov,Female,92.244.151.99
765,Annie,Morales,amoralesl8@nytimes.com,Female,90.21.229.126
766,Jeffrey,Evans,jevansl9@netlog.com,Male,216.166.19.120
767,Beverly,Cox,bcoxla@4shared.com,Female,188.90.37.124
768,Samuel,Mccoy,smccoylb@wufoo.com,Male,177.17.90.50
769,Betty,Martinez,bmartinezlc@1688.com,Female,43.94.250.108
770,Anne,Larson,alarsonld@skype.com,Female,224.103.8.41
771,Jean,Ross,jrossle@csmonitor.com,Female,9.67.86.251
772,Ruth,Bryant,rbryantlf@constantcontact.com,Female,118.43.109.5
773,Brenda,Dean,bdeanlg@twitter.com,Female,53.169.170.202
774,Charles,Griffin,cgriffinlh@reddit.com,Male,166.39.148.76
775,Janice,Thompson,jthompsonli@plala.or.jp,Female,13.172.108.109
776,James,Cooper,jcooperlj@google.fr,Male,218.54.30.212
777,Joshua,Lee,jleelk@blogger.com,Male,89.191.116.251
778,Frank,Peterson,fpetersonll@bloomberg.com,Male,86.181.114.140
779,Henry,Price,hpricelm@dyndns.org,Male,119.141.77.209
780,Paul,Meyer,pmeyerln@google.com,Male,206.38.78.207
781,Ann,Fields,afieldslo@businesswire.com,Female,8.119.218.126
782,Elizabeth,Welch,ewelchlp@meetup.com,Female,93.15.208.149
783,Andrea,Green,agreenlq@elegantthemes.com,Female,238.182.38.219
784,Jose,Hansen,jhansenlr@simplemachines.org,Male,2.47.153.40
785,Karen,Ray,krayls@auda.org.au,Female,125.239.108.154
786,Annie,Howard,ahowardlt@deliciousdays.com,Female,78.44.151.222
787,Teresa,Frazier,tfrazierlu@apple.com,Female,211.176.192.128
788,Rachel,Pierce,rpiercelv@statcounter.com,Female,156.161.61.57
789,Bonnie,Perry,bperrylw@constantcontact.com,Female,238.218.54.63
790,Sara,Day,sdaylx@spiegel.de,Female,198.149.204.202
791,Matthew,Richards,mrichardsly@is.gd,Male,8.107.244.100
792,Julia,Lane,jlanelz@ask.com,Female,165.214.168.174
793,Richard,Cox,rcoxm0@ning.com,Male,136.65.177.58
794,Alice,Reid,areidm1@accuweather.com,Female,104.161.184.128
795,Raymond,Hudson,rhudsonm2@canalblog.com,Male,249.205.222.67
796,Ashley,Spencer,aspencerm3@usda.gov,Female,159.22.183.168
797,Timothy,Rice,tricem4@omniture.com,Male,178.108.0.213
798,Rebecca,Meyer,rmeyerm5@epa.gov,Female,73.73.57.246
799,Debra,Thompson,dthompsonm6@squarespace.com,Female,62.212.215.81
800,Patrick,Lewis,plewism7@blogs.com,Male,94.148.75.191
801,Timothy,Baker,tbakerm8@bravesites.com,Male,152.141.163.174
802,Steven,Duncan,sduncanm9@spiegel.de,Male,248.175.121.135
803,David,Porter,dporterma@woothemes.com,Male,54.77.229.70
804,Ernest,Payne,epaynemb@ustream.tv,Male,121.233.101.145
805,George,Ramos,gramosmc@scribd.com,Male,172.113.155.18
806,Jimmy,Cox,jcoxmd@eventbrite.com,Male,255.100.135.196
807,Wayne,Thomas,wthomasme@last.fm,Male,132.14.32.101
808,Amanda,Moreno,amorenomf@last.fm,Female,31.22.237.252
809,Rachel,Duncan,rduncanmg@etsy.com,Female,68.115.234.211
810,Stephen,Spencer,sspencermh@stumbleupon.com,Male,86.37.154.254
811,Thomas,Morgan,tmorganmi@cdc.gov,Male,190.46.85.10
812,Tammy,Jordan,tjordanmj@ucoz.ru,Female,243.78.27.38
813,Patricia,Fowler,pfowlermk@1und1.de,Female,215.40.108.251
814,Louise,Evans,levansml@lulu.com,Female,14.202.16.236
815,Ruth,Elliott,relliottmm@dagondesign.com,Female,177.225.171.56
816,Brian,Griffin,bgriffinmn@so-net.ne.jp,Male,67.80.128.77
817,Ryan,Andrews,randrewsmo@unblog.fr,Male,208.74.139.227
818,Maria,Morrison,mmorrisonmp@chicagotribune.com,Female,75.231.6.16
819,Margaret,Romero,mromeromq@google.co.uk,Female,78.8.228.7
820,Benjamin,Hart,bhartmr@va.gov,Male,21.195.148.233
821,Charles,Ferguson,cfergusonms@about.com,Male,186.62.170.148
822,Denise,Matthews,dmatthewsmt@amazon.com,Female,125.18.128.161
823,Tammy,Griffin,tgriffinmu@google.ca,Female,208.84.180.68
824,Gloria,Oliver,golivermv@woothemes.com,Female,83.62.212.95
825,Sara,Armstrong,sarmstrongmw@jugem.jp,Female,223.24.247.141
826,Ruth,Schmidt,rschmidtmx@japanpost.jp,Female,97.127.223.142
827,Gerald,Gonzales,ggonzalesmy@independent.co.uk,Male,108.213.209.76
828,Louise,Russell,lrussellmz@techcrunch.com,Female,236.75.7.2
829,Ashley,Mendoza,amendozan0@ning.com,Female,152.180.93.206
830,David,Wilson,dwilsonn1@booking.com,Male,199.4.177.241
831,Lillian,Arnold,larnoldn2@fema.gov,Female,191.215.10.107
832,Jesse,Harrison,jharrisonn3@independent.co.uk,Male,185.13.85.6
833,Kathleen,Smith,ksmithn4@gizmodo.com,Female,74.253.49.40
834,Christina,Ross,crossn5@prweb.com,Female,24.251.93.230
835,Justin,Garcia,jgarcian6@youtu.be,Male,36.124.128.174
836,Jose,Roberts,jrobertsn7@hhs.gov,Male,117.228.205.95
837,Roger,Henderson,rhendersonn8@engadget.com,Male,14.149.25.143
838,Paula,Bowman,pbowmann9@twitter.com,Female,6.117.29.111
839,Ryan,Wheeler,rwheelerna@hatena.ne.jp,Male,132.234.30.82
840,Norma,Bradley,nbradleynb@wsj.com,Female,177.171.88.239
841,Doris,Howell,dhowellnc@latimes.com,Female,253.241.250.255
842,Donna,Welch,dwelchnd@blogspot.com,Female,191.157.9.233
843,Joshua,Mendoza,jmendozane@sciencedaily.com,Male,244.86.117.153
844,Michelle,Harper,mharpernf@ed.gov,Female,166.43.48.221
845,Brenda,James,bjamesng@webnode.com,Female,239.24.15.76
846,Billy,Harris,bharrisnh@who.int,Male,40.165.186.182
847,Randy,Mcdonald,rmcdonaldni@wikispaces.com,Male,188.40.236.72
848,Jeffrey,Stanley,jstanleynj@mysql.com,Male,0.221.6.129
849,Earl,Oliver,eolivernk@github.io,Male,35.174.47.121
850,Juan,Stanley,jstanleynl@issuu.com,Male,232.81.255.190
851,Heather,Gutierrez,hgutierreznm@mapquest.com,Female,16.95.91.50
852,Aaron,Wallace,awallacenn@admin.ch,Male,254.188.120.253
853,Ryan,Griffin,rgriffinno@spotify.com,Male,20.48.54.193
854,Martha,Roberts,mrobertsnp@mit.edu,Female,189.246.3.166
855,Samuel,Smith,ssmithnq@va.gov,Male,72.21.88.79
856,Louis,Spencer,lspencernr@guardian.co.uk,Male,168.169.238.127
857,Melissa,Tucker,mtuckerns@ihg.com,Female,71.9.251.220
858,Teresa,Berry,tberrynt@google.es,Female,67.10.33.165
859,Russell,Clark,rclarknu@smh.com.au,Male,69.34.179.120
860,Ashley,Williamson,awilliamsonnv@stanford.edu,Female,146.210.242.192
861,Pamela,Harper,pharpernw@cbslocal.com,Female,196.29.91.49
862,Kevin,Stone,kstonenx@cpanel.net,Male,160.189.25.29
863,George,Campbell,gcampbellny@irs.gov,Male,143.184.229.82
864,Edward,Williamson,ewilliamsonnz@yelp.com,Male,55.116.15.200
865,Amy,Hudson,ahudsono0@twitpic.com,Female,122.76.202.51
866,Ruth,Gilbert,rgilberto1@soundcloud.com,Female,77.33.126.220
867,Frances,Hall,fhallo2@moonfruit.com,Female,24.229.209.35
868,Wayne,Cruz,wcruzo3@cpanel.net,Male,30.133.130.167
869,Jeffrey,Kelly,jkellyo4@seesaa.net,Male,150.192.242.58
870,Benjamin,Jacobs,bjacobso5@usgs.gov,Male,45.0.230.235
871,Wayne,Parker,wparkero6@mashable.com,Male,36.98.18.12
872,Brenda,Mccoy,bmccoyo7@berkeley.edu,Female,146.129.246.200
873,Frances,Carpenter,fcarpentero8@reuters.com,Female,110.128.100.75
874,Donna,Lawrence,dlawrenceo9@admin.ch,Female,252.195.36.54
875,Shirley,Wilson,swilsonoa@bbc.co.uk,Female,203.214.221.122
876,Paula,Wood,pwoodob@domainmarket.com,Female,117.38.212.220
877,Judith,Alexander,jalexanderoc@smugmug.com,Female,36.206.215.116
878,Kevin,Bowman,kbowmanod@time.com,Male,72.136.2.18
879,James,Jordan,jjordanoe@imdb.com,Male,169.145.57.103
880,Marie,Cunningham,mcunninghamof@pcworld.com,Female,76.139.229.58
881,Stephanie,Roberts,srobertsog@cam.ac.uk,Female,189.49.145.53
882,Lisa,Fernandez,lfernandezoh@narod.ru,Female,203.151.93.2
883,Louise,Hudson,lhudsonoi@facebook.com,Female,30.170.45.224
884,Beverly,Knight,bknightoj@tumblr.com,Female,0.120.53.209
885,Harry,Anderson,handersonok@xinhuanet.com,Male,67.136.217.204
886,Russell,Wood,rwoodol@weebly.com,Male,40.162.31.87
887,Robin,Mitchell,rmitchellom@jiathis.com,Female,181.16.34.93
888,David,Lynch,dlynchon@php.net,Male,76.218.199.19
889,Teresa,Ramirez,tramirezoo@mac.com,Female,156.181.178.7
890,Robert,Harvey,rharveyop@pen.io,Male,40.47.226.16
891,Roy,Rogers,rrogersoq@issuu.com,Male,217.135.215.64
892,Victor,Lee,vleeor@booking.com,Male,240.11.202.125
893,Ruby,Freeman,rfreemanos@usnews.com,Female,113.213.170.251
894,Amy,Bryant,abryantot@mediafire.com,Female,0.149.79.201
895,Martha,Hamilton,mhamiltonou@blogs.com,Female,152.219.202.252
896,Frank,Pierce,fpierceov@ovh.net,Male,174.163.209.1
897,Douglas,Elliott,delliottow@sciencedaily.com,Male,31.53.19.5
898,Carlos,Walker,cwalkerox@macromedia.com,Male,1.79.13.213
899,Rose,Perry,rperryoy@msn.com,Female,93.54.129.106
900,Kelly,Morris,kmorrisoz@blogs.com,Female,84.115.212.69
901,Kimberly,Gordon,kgordonp0@state.tx.us,Female,117.146.222.43
902,Kimberly,Murphy,kmurphyp1@newsvine.com,Female,111.134.97.220
903,Philip,Stevens,pstevensp2@foxnews.com,Male,251.80.63.215
904,Margaret,Watkins,mwatkinsp3@illinois.edu,Female,51.80.227.31
905,Lillian,Johnson,ljohnsonp4@desdev.cn,Female,20.165.202.2
906,Jean,Ross,jrossp5@merriam-webster.com,Female,45.104.232.234
907,Russell,Lynch,rlynchp6@patch.com,Male,90.38.222.147
908,Larry,Campbell,lcampbellp7@europa.eu,Male,167.170.31.242
909,George,Jackson,gjacksonp8@yellowbook.com,Male,243.221.88.232
910,Deborah,Wood,dwoodp9@statcounter.com,Female,69.168.37.106
911,Victor,Johnston,vjohnstonpa@vinaora.com,Male,68.38.197.142
912,Daniel,Daniels,ddanielspb@printfriendly.com,Male,254.160.70.71
913,Melissa,Pierce,mpiercepc@wufoo.com,Female,89.182.170.200
914,Christine,Powell,cpowellpd@blogs.com,Female,223.132.158.85
915,Jeremy,Meyer,jmeyerpe@cdc.gov,Male,112.248.75.58
916,Susan,Kelley,skelleypf@yandex.ru,Female,71.98.72.10
917,Bruce,Knight,bknightpg@geocities.com,Male,205.225.132.47
918,Mark,Simmons,msimmonsph@hc360.com,Male,95.237.110.29
919,Joshua,Johnson,jjohnsonpi@github.io,Male,224.2.162.7
920,Virginia,Brooks,vbrookspj@w3.org,Female,55.173.236.180
921,Dennis,Garcia,dgarciapk@twitter.com,Male,3.69.229.71
922,Kathleen,Gonzales,kgonzalespl@gnu.org,Female,83.78.78.56
923,Harry,Ellis,hellispm@wunderground.com,Male,27.230.183.174
924,Juan,Flores,jflorespn@amazon.co.uk,Male,162.160.210.180
925,Phyllis,Rogers,progerspo@about.com,Female,244.242.245.180
926,Victor,Lawson,vlawsonpp@china.com.cn,Male,32.57.51.152
927,Laura,Wheeler,lwheelerpq@cocolog-nifty.com,Female,91.87.249.220
928,Frank,Nguyen,fnguyenpr@blogs.com,Male,49.249.36.30
929,Joyce,Anderson,jandersonps@prweb.com,Female,58.234.200.254
930,Alan,Wheeler,awheelerpt@de.vu,Male,36.9.154.148
931,Gary,Wells,gwellspu@about.me,Male,23.8.160.174
932,Debra,Mills,dmillspv@wordpress.org,Female,183.195.221.14
933,Samuel,Franklin,sfranklinpw@usda.gov,Male,192.242.71.81
934,Denise,Welch,dwelchpx@deviantart.com,Female,225.169.159.133
935,John,Burns,jburnspy@taobao.com,Male,96.252.244.253
936,Jacqueline,Elliott,jelliottpz@thetimes.co.uk,Female,98.51.173.189
937,Jessica,Morgan,jmorganq0@ifeng.com,Female,127.137.76.131
938,Henry,Morris,hmorrisq1@51.la,Male,106.29.160.251
939,Andrew,Watson,awatsonq2@cnet.com,Male,157.106.76.220
940,Joe,Kelley,jkelleyq3@forbes.com,Male,46.254.97.237
941,Arthur,Olson,aolsonq4@geocities.jp,Male,172.206.115.218
942,Diane,Coleman,dcolemanq5@nsw.gov.au,Female,250.2.30.5
943,Jason,Sanchez,jsanchezq6@google.cn,Male,241.249.41.115
944,Roy,Sullivan,rsullivanq7@smugmug.com,Male,237.67.160.91
945,Anne,Cruz,acruzq8@omniture.com,Female,85.209.215.38
946,Willie,Mccoy,wmccoyq9@cam.ac.uk,Male,239.239.198.226
947,Sean,Wright,swrightqa@blogger.com,Male,70.238.130.16
948,Louise,Wood,lwoodqb@amazon.co.uk,Female,182.22.17.7
949,Betty,Collins,bcollinsqc@ezinearticles.com,Female,24.6.29.181
950,Betty,Robertson,brobertsonqd@unesco.org,Female,14.231.19.195
951,Joe,Black,jblackqe@tmall.com,Male,124.140.212.132
952,Paula,Medina,pmedinaqf@dot.gov,Female,208.79.239.55
953,Randy,Nichols,rnicholsqg@yellowbook.com,Male,145.51.55.241
954,Patricia,Rivera,priveraqh@ovh.net,Female,195.197.73.219
955,Adam,Daniels,adanielsqi@icio.us,Male,98.39.224.154
956,Doris,Kelly,dkellyqj@oakley.com,Female,32.59.86.61
957,Maria,Mills,mmillsqk@jalbum.net,Female,185.12.185.74
958,Sarah,Chapman,schapmanql@washington.edu,Female,138.89.161.159
959,Joyce,Perkins,jperkinsqm@tumblr.com,Female,176.85.120.55
960,Kathleen,Watson,kwatsonqn@storify.com,Female,6.250.198.142
961,Katherine,Nichols,knicholsqo@squidoo.com,Female,255.54.99.29
962,Joe,Perez,jperezqp@over-blog.com,Male,45.83.228.0
963,Johnny,Stanley,jstanleyqq@ovh.net,Male,11.17.30.149
964,Bonnie,Garza,bgarzaqr@netscape.com,Female,66.124.0.187
965,Mildred,Rivera,mriveraqs@wiley.com,Female,70.199.11.239
966,David,Simpson,dsimpsonqt@wisc.edu,Male,36.76.58.185
967,Julia,Carter,jcarterqu@eepurl.com,Female,194.227.135.230
968,Ronald,Gibson,rgibsonqv@bloomberg.com,Male,151.7.116.172
969,Rebecca,Kennedy,rkennedyqw@pinterest.com,Female,17.222.177.59
970,Irene,Lane,ilaneqx@dot.gov,Female,224.139.182.99
971,Julia,Knight,jknightqy@reuters.com,Female,217.116.242.48
972,Scott,Moreno,smorenoqz@spiegel.de,Male,125.68.98.232
973,Lois,Turner,lturnerr0@hud.gov,Female,202.205.94.178
974,Patricia,Riley,prileyr1@wufoo.com,Female,35.217.168.79
975,Shirley,Dixon,sdixonr2@scientificamerican.com,Female,170.61.131.244
976,Anna,Turner,aturnerr3@moonfruit.com,Female,117.241.158.233
977,Joe,Morrison,jmorrisonr4@comsenz.com,Male,215.71.133.179
978,Brenda,Hunt,bhuntr5@google.pl,Female,181.143.243.72
979,Diane,Johnson,djohnsonr6@zimbio.com,Female,229.18.185.247
980,Antonio,Ramirez,aramirezr7@google.ca,Male,63.147.7.162
981,Janice,Morris,jmorrisr8@baidu.com,Female,69.207.217.5
982,Rose,Grant,rgrantr9@amazon.de,Female,34.178.150.154
983,Todd,Freeman,tfreemanra@de.vu,Male,244.233.137.79
984,Pamela,Elliott,pelliottrb@ebay.com,Female,9.14.118.128
985,Chris,Vasquez,cvasquezrc@prnewswire.com,Male,17.119.183.118
986,Patricia,George,pgeorgerd@nytimes.com,Female,185.74.125.254
987,Denise,Hall,dhallre@pinterest.com,Female,21.186.92.146
988,Judith,Simmons,jsimmonsrf@reddit.com,Female,219.247.132.63
989,Lori,Lewis,llewisrg@yale.edu,Female,107.150.124.66
990,Phyllis,Hall,phallrh@webeden.co.uk,Female,176.188.239.187
991,Helen,Nguyen,hnguyenri@123-reg.co.uk,Female,239.70.93.50
992,Lois,Daniels,ldanielsrj@cbslocal.com,Female,46.191.71.223
993,Walter,James,wjamesrk@bbb.org,Male,54.21.255.155
994,Phillip,Murphy,pmurphyrl@vistaprint.com,Male,174.91.166.243
995,Billy,Ward,bwardrm@shinystat.com,Male,245.121.198.84
996,Christopher,Hart,chartrn@homestead.com,Male,56.232.121.3
997,Alice,Fowler,afowlerro@hp.com,Female,16.200.169.229
998,Earl,Warren,ewarrenrp@state.tx.us,Male,75.143.179.40
999,Andrew,Ryan,aryanrq@ihg.com,Male,89.210.123.138
1000,Angela,Stevens,astevensrr@cbc.ca,Female,78.188.31.141
